{"Application/TargetFrameRate":3000,"Application/VerticalSynchronization":false,"Camera/Exposure":2.688172025955282e-05,"Camera/FarPlane":1000.0,"Camera/FieldOfView":1.0471975803375244,"Camera/NearPlane":0.10000000149011612,"Camera/Position":[-147.96920776367188,111.96780395507813,-80.858642578125],"Camera/Rotation":[0.14738063514232635,0.823418915271759,0.2484871745109558,-0.4883793592453003],"Rendering/AmbientLight":37000.0,"Rendering/BackgroundColor":[0.30000001192092896,0.6499999761581421,0.9800000190734863],"Rendering/BedrockColor":[0.5,0.5,0.5],"Rendering/SandColor":[0.8999999761581421,0.800000011920929,0.6000000238418579],"Rendering/UseInterpolation":1,"Rendering/VisualScale":1.0,"Rendering/WaterColor":[0.20000000298023224,0.4000000059604645,0.699999988079071],"Simulation/BedrockDissolvingConstant":1.0,"Simulation/DeltaTime":0.01666666753590107,"Simulation/DryTalusAngle":0.5235987901687622,"Simulation/Evaporation":0.0,"Simulation/Gravity":-9.8100004196167,"Simulation/HorizontalErosionStrength":0.10000000149011612,"Simulation/MinHorizontalErosion":0.5,"Simulation/MinSplitDamage":2.0,"Simulation/MinTerrainAngle":0.0872664600610733,"Simulation/Petrification":0.0005000000237487257,"Simulation/Rain":0.0,"Simulation/SandDissolvingConstant":60.0,"Simulation/SedimentCapacityConstant":0.0010000000474974513,"Simulation/SedimentDepositionConstant":60.0,"Simulation/SplitThreshold":0.75,"Simulation/WetTalusAngle":0.2617993950843811,"Terrain/GridScale":1.0,"Terrain/GridSize":[256,256]}