{
 "Application/TargetFrameRate": 3000,
 "Application/VerticalSynchronization": false,
 "Camera/Exposure": 2.688172025955282e-05,
 "Camera/FarPlane": 1000.0,
 "Camera/FieldOfView": 1.0471975803375244,
 "Camera/NearPlane": 0.10000000149011612,
 "Camera/Position": [
  0.0,
  64.0,
  192.0
 ],
 "Camera/Rotation": [
  -0.16018223762512207,
  -0.0,
  -0.0,
  0.9870874285697937
 ],
 "Rendering/AmbientLight": 37000.0,
 "Rendering/BackgroundColor": [
  0.30000001192092896,
  0.6499999761581421,
  0.9800000190734863
 ],
 "Rendering/BedrockColor": [
  0.5,
  0.5,
  0.5
 ],
 "Rendering/SandColor": [
  0.8999999761581421,
  0.800000011920929,
  0.6000000238418579
 ],
 "Rendering/UseInterpolation": 1,
 "Rendering/VisualScale": 1.0,
 "Rendering/WaterColor": [
  0.20000000298023224,
  0.4000000059604645,
  0.699999988079071
 ],
 "Simulation/BedrockDissolvingConstant": 0.009999999776482582,
 "Simulation/CurrentSimulationStep": 1484,
 "Simulation/CurrentStabilityStep": 40,
 "Simulation/DeltaTime": 0.15000000596046448,
 "Simulation/DryTalusAngle": 0.5235987901687622,
 "Simulation/EnableHorizontalErosion": true,
 "Simulation/EnableSlippage": true,
 "Simulation/EnableSupportCheck": true,
 "Simulation/EnableVerticalErosion": true,
 "Simulation/Evaporation": 0.009999999776482582,
 "Simulation/Gravity": -9.8100004196167,
 "Simulation/HorizontalErosionStrength": 0.10000000149011612,
 "Simulation/MaxSlopeErosionScale": 1.0,
 "Simulation/MinHorizontalErosion": 0.5,
 "Simulation/MinSlopeErosionScale": 0.10000000149011612,
 "Simulation/MinSplitDamage": 2.0,
 "Simulation/Petrification": 0.0005000000237487257,
 "Simulation/Rain": 0.07000000029802322,
 "Simulation/SandDissolvingConstant": 0.05000000074505806,
 "Simulation/SedimentCapacityConstant": 0.10000000149011612,
 "Simulation/SedimentDepositionConstant": 0.03999999910593033,
 "Simulation/SlippageInterpolationRange": 1.0,
 "Simulation/SplitThreshold": 0.75,
 "Simulation/UseWeightInSupportCheck": true,
 "Simulation/WetTalusAngle": 0.1745329201221466,
 "Terrain/GridScale": 1.0,
 "Terrain/GridSize": [
  256,
  256
 ],
 "Terrain/MaxLayerCount": 8,
 "Terrain/UsedLayerCount": 4
}